profit_yoy,profit_3y,sales_yoy,sales_3y,roce,roic_wacc,roe,opm,pe,ev,fcf_yield,ccc,fcf_sales,accruals,de,int_cov,pledge,momentum,sector,name,ticker,in_n100,in_s30,bfsi,c_plus,recommendation,c_plus_abs,recommendation_abs,reason,badge
0.311352341451828,0.2689588614144012,0.15562574424353426,0.11723108913184443,0.34621106948365415,0.17131082648880402,0.2656831946783125,0.15970472103296202,19.097286,13.017,0.06932144471630305,,0.1533425479596645,-0.07691153360621704,0.03602809470464144,95.99910565989524,0.0,-0.0020825866241247493,Consumer Cyclical,HERO MOTOCORP LIMITED,HEROMOTOCO.NS,True,False,False,74.4264754707081,BUY,90.95,BUY,"ROCE 35%, P/E 19.1x vs sector 33.1x, FCF yld 7%, D/E 0.04",[N100]
0.16032826261008815,0.18039786778737144,0.24457430403376357,-0.1921076805328038,0.29198425079860335,0.12747856682186043,0.42592637946658174,0.25631260434056763,10.99473,4.314,0.1905035364623875,-183.94024458192968,0.24289179883138565,-0.09478811161227255,0.6819328451421713,7.779889152810768,0.0,-0.6529664574008636,Basic Materials,VEDANTA LIMITED,VEDL.NS,True,False,False,68.67570379616073,BUY,84.55000000000001,BUY,"ROCE 29%, P/E 11.0x vs sector 20.2x, FCF yld 19%, D/E 0.68",[N100]
-0.07760246657526049,0.08169131603328039,-0.002605347379650569,0.048714506963204895,2.5,2.399831042071267,0.8366275069281804,0.29877648293577247,34.898247,24.776,0.03672079504752788,,0.2890983142170978,-0.1411264531045531,0.02992847718908409,471.7018469656992,0.0,-0.08106058692511009,Consumer Defensive,COLGATE PALMOLIVE LTD.,COLPAL.NS,True,False,False,65.84859387044038,HOLD/WAIT,72.4,HOLD/WAIT,"ROCE 250%, P/E 34.9x vs sector 44.6x, FCF yld 4%, D/E 0.03",[N100]
0.3227951623522889,0.2811209710668201,0.28314513014345555,0.26570413643814605,0.23626197774863272,0.07044039253989375,0.22251039590372748,0.13471737817297705,42.26826,26.895,0.0194405719771894,,0.08242637261320572,-0.0556077082699467,0.01738,19.498328375631658,0.0,0.05187216682128093,Industrials,POLYCAB INDIA LIMITED,POLYCAB.NS,True,False,False,65.27968434188949,HOLD/WAIT,80.2,HOLD/WAIT,"ROCE 24%, P/E 42.3x vs sector 42.3x, FCF yld 2%, D/E 0.02",[N100]
0.0898443711420076,0.16081148758206698,0.056039441030616866,0.06443681948723912,0.3260803504304612,0.14466189746865032,0.22210894829380876,0.38241757135658505,32.936874,33.265,0.02718365465182632,,0.2628742560174435,-0.013524038400904312,0.0016,2099.7789291882555,0.0,0.1788394899739576,Industrials,HINDUSTAN AERONAUTICS LTD,HAL.NS,True,False,False,65.02077044129793,HOLD/WAIT,80.0,HOLD/WAIT,"ROCE 33%, P/E 32.9x vs sector 42.3x, FCF yld 3%, D/E 0.00",[N100]
0.4668404159607249,0.21030716644534309,0.22569856668618615,0.19494168990528205,0.25852695886776533,0.09183315114843346,0.27668450676877493,0.2503731384683612,23.886698,19.016,0.006790733766288694,,0.031038099122600887,,0.5830205971931904,12.948903734155532,0.0,0.08834774859762162,Consumer Cyclical,BAJAJ AUTO LIMITED,BAJAJ-AUTO.NS,True,False,False,63.1787432225933,HOLD/WAIT,76.9,HOLD/WAIT,"ROCE 26%, P/E 23.9x vs sector 33.1x, FCF yld 1%, D/E 0.58",[N100]
0.05971979443733599,0.11476177625308637,0.11554501873253398,0.13771835423448486,0.4760726550577399,0.2768722621064175,0.3234174294726899,0.3631207284693799,25.977636,20.244,0.032974980733040476,,0.22920251835924052,0.015892094217955708,0.01873628404990088,103.88694173159223,0.0,-0.1546472658891186,Consumer Cyclical,INDIAN RAIL TOUR CORP LTD,IRCTC.NS,True,False,False,63.100477304341155,HOLD/WAIT,75.70000000000002,HOLD/WAIT,"ROCE 48%, P/E 26.0x vs sector 33.1x, FCF yld 3%, D/E 0.02",[N100]
0.9377912578590415,1.297482877705289,0.026359481199897505,-0.011539105645418157,0.24462703506323688,0.08124738380308322,0.2579952373089578,0.08380976288681566,7.519322,5.575,0.24323983851271586,,0.06960689351453324,-0.10025717167151289,0.5433191448240227,12.79956045744984,0.0,0.011741026260779774,Energy,BHARAT PETROLEUM CORP  LT,BPCL.NS,True,False,False,62.82048218136028,HOLD/WAIT,77.10000000000001,HOLD/WAIT,"ROCE 24%, P/E 7.5x vs sector 7.9x, FCF yld 24%, D/E 0.54",[N100]
0.1388631576372903,0.09974797824143922,0.3417595576378678,0.21999019635248684,0.2547188060803082,0.08476342886402366,0.21872901824390756,0.3202671730731452,8.867141,6.711,0.02777742597062091,,0.05692395483502811,0.05078973183058017,0.18809077359064985,84.74158415841585,0.0,-0.09842001328771588,Basic Materials,NMDC LTD.,NMDC.NS,True,False,False,62.709977824011254,HOLD/WAIT,78.05000000000001,HOLD/WAIT,"ROCE 25%, P/E 8.9x vs sector 20.2x, FCF yld 3%, D/E 0.19",[N100]
0.16491707572595704,0.23697524323492836,0.23947080111833885,0.174675251484967,0.28264947609930885,0.13874299459502554,0.21972896576315282,0.31219967994875003,33.13829,33.037,0.018457074790871022,,0.15360980295131296,0.022086796362094246,0.02047597325115587,100.28785125122326,0.0,-0.01290886234280797,Consumer Cyclical,EICHER MOTORS LTD,EICHERMOT.NS,True,False,False,62.05137482213936,HOLD/WAIT,75.0,HOLD/WAIT,"ROCE 28%, P/E 33.1x vs sector 33.1x, FCF yld 2%, D/E 0.02",[N100]
5.3687214611872145,0.7527993439438749,0.0928230526789735,0.03613916948222462,0.20874215479717823,0.08682839859433028,0.2230417878524382,0.20627674593626572,12.107911,10.472,0.03503653715451055,,0.057669594642847335,-0.010516323291653688,1.1901592156157237,4.524096385542169,0.0,0.033702274813601774,Basic Materials,JSW STEEL LIMITED,JSWSTEEL.NS,True,True,False,61.97359000727471,HOLD/WAIT,75.8,HOLD/WAIT,"ROCE 21%, P/E 12.1x vs sector 20.2x, FCF yld 4%, D/E 1.19",[S30·N100]
0.18091042731281948,0.2435430858580372,0.16933646729110974,0.1607224548634576,0.38673133907330065,0.19404126617475925,0.2786673053960043,0.2592828457212004,56.312027,46.483,0.011116131975240633,,0.1240655646612936,0.05550940755700752,0.004307883273000156,249.66639806607574,0.0,0.011363558211085367,Industrials,CUMMINS INDIA LTD,CUMMINSIND.NS,True,False,False,61.26999990370212,HOLD/WAIT,75.6,HOLD/WAIT,"ROCE 39%, P/E 56.3x vs sector 42.3x, FCF yld 1%, D/E 0.00",[N100]
0.08164518109269481,0.10610996930556871,0.2622752259386938,0.11823241512032912,0.5305982122392849,0.34542059385588547,0.41852731591448933,0.17087392973132565,53.232464,41.58,0.017568370897143887,,0.13027753173900206,-0.03196029776674938,0.1323040380047506,60.921052631578945,0.0,0.04025618692103361,Consumer Defensive,MARICO LIMITED,MARICO.NS,True,False,False,60.51492359058006,HOLD/WAIT,75.14999999999999,HOLD/WAIT,"ROCE 53%, P/E 53.2x vs sector 44.6x, FCF yld 2%, D/E 0.13",[N100]
2.0958049219581936,0.6260064425846326,0.025743023219353844,-0.02205440916678547,0.18664678458199782,0.05366683580067787,0.1917668061525897,0.08428296749013686,5.3997545,4.594,0.2563847731997202,,0.06173100059845518,-0.06436430806887604,0.6005084230689633,8.403972776215388,0.0,-0.07118103826465816,Energy,INDIAN OIL CORP LTD,IOC.NS,True,True,False,60.397951055404064,HOLD/WAIT,74.75000000000001,HOLD/WAIT,"ROCE 19%, P/E 5.4x vs sector 7.9x, FCF yld 26%, D/E 0.60",[S30·N100]
-0.40456182369340565,0.025366068168754863,0.047686559686829666,0.03646483983178639,0.3786338320998826,0.22562907211112143,0.2853432688846502,0.3595113259538534,16.152147,12.067,0.050785281944802724,,0.20816695067640686,0.023724315344167617,0.033091288739202813,330.1462956440061,0.0,-0.13102928810097758,Consumer Defensive,ITC LTD,ITC.NS,True,True,False,59.99221350533746,HOLD/WAIT,72.9,HOLD/WAIT,"ROCE 38%, P/E 16.2x vs sector 44.6x, FCF yld 5%, D/E 0.03",[S30·N100]
0.013531604638230332,0.05300128040832486,0.04581237956478823,0.05801848619364591,0.5950338036711322,0.3726517797072487,0.45887728459530025,0.2498455177682654,15.066859,9.842,0.06392198329390553,,0.17956640114447928,-0.015813831070559076,0.10521260723610593,54.37163814180929,0.0,-0.1744170027673927,Technology,TATA CONSULTANCY SERV LT,TCS.NS,True,True,False,59.26093530077506,HOLD/WAIT,75.10000000000001,HOLD/WAIT,"ROCE 60%, P/E 15.1x vs sector 17.2x, FCF yld 6%, D/E 0.11",[S30·N100]
0.34179592724595476,,0.19583454688725643,,1.2073502710637805,0.8030020666025908,0.7998558678971924,0.23349321379653842,65.93528,44.92,0.0036816064892244756,,0.046115801270078444,0.022394228971272797,0.08621000000000001,37.85803117176775,0.0,0.07973086379229088,Consumer Defensive,NESTLE INDIA LIMITED,NESTLEIND.NS,True,True,False,59.233957666458195,HOLD/WAIT,69.05,HOLD/WAIT,"ROCE 121%, P/E 65.9x vs sector 44.6x, FCF yld 0%, D/E 0.09",[S30·N100]
0.1545124505175206,0.34113775340258345,0.2710533405216613,0.22929311868949953,0.12062218453953702,0.01092141350102123,0.1332241355813714,0.4801745260259445,29.701468,20.326,0.012553999204208946,,0.13000748403865472,-0.04074170886334148,0.6578513669138094,4.958169948578786,0.0,0.20308102504582282,Industrials,ADANI PORT & SEZ LTD,ADANIPORTS.NS,True,True,False,58.73744662597797,HOLD/WAIT,75.85000000000001,HOLD/WAIT,"ROCE 12%, P/E 29.7x vs sector 42.3x, FCF yld 1%, D/E 0.66",[S30·N100]
0.11368909512761016,0.36994352967661004,0.18365981801911957,0.16548113212930238,0.18027621657609116,0.052718892270447335,0.18589965844626247,0.261458773863479,25.353714,18.65,,,-0.020767448736325633,0.05578305022649819,0.4609131214175587,19.14,0.0,0.275330477372955,Healthcare,ZYDUS LIFESCIENCES LTD,ZYDUSLIFE.NS,True,False,False,57.882503451805086,HOLD/WAIT,73.7,HOLD/WAIT,"ROCE 18%, P/E 25.4x vs sector 35.8x, FCF yld n/a, D/E 0.46",[N100]
0.049081697276757374,0.03582523363792678,0.04570213207449303,0.03441926382216631,0.5412505943889682,0.3257590445238452,0.33854486000408746,0.22586566127592023,13.172112,,,,0.1851870225220756,-0.044144472820138635,0.0988146331493971,96.87234042553192,0.0,-0.22318371123622027,Technology,INFOSYS LIMITED,INFY.NS,True,True,False,57.634582731329836,HOLD/WAIT,70.35000000000001,HOLD/WAIT,"ROCE 54%, P/E 13.2x vs sector 17.2x, FCF yld n/a, D/E 0.10",[S30·N100]
0.4123391867781012,0.14118426432640985,0.05266372806365882,0.023052897580990495,0.29857451766632376,0.1423637303439468,0.30858878082810126,0.22304471245079435,40.955032,29.383,0.02229705980522743,,0.1511534902686511,0.05066957568462233,0.030325413435101974,34.68780487804878,0.0,-0.13384955459766312,Consumer Defensive,HINDUSTAN UNILEVER LTD.,HINDUNILVR.NS,True,False,False,57.58064475204325,HOLD/WAIT,70.55000000000001,HOLD/WAIT,"ROCE 30%, P/E 41.0x vs sector 44.6x, FCF yld 2%, D/E 0.03",[N100]
-0.12424709441674009,-0.00706993307310555,0.0007317089890881423,0.09305839675105099,0.3434713660122575,0.19369530910738486,0.26107374244300413,0.2570691869174659,8.368297,5.394,0.11786655073228453,,0.1845659075108177,-0.042429106434717014,0.11815277650435477,49.88021033730922,0.0,-0.03411834742729203,Energy,COAL INDIA LTD,COALINDIA.NS,True,True,False,57.46705003868544,HOLD/WAIT,70.95,HOLD/WAIT,"ROCE 34%, P/E 8.4x vs sector 7.9x, FCF yld 12%, D/E 0.12",[S30·N100]
0.17949755326937145,0.24361791901726493,0.1113974440836003,0.07382691955854703,0.3062924291701197,0.13477904798648355,0.22607843119153412,0.23189675670697932,56.837643,39.388,0.014893368337940556,,0.1536416777653619,-0.02459228310446067,0.03851582831510215,62.23515308004426,0.0,0.09550718804181613,Basic Materials,PIDILITE INDUSTRIES LTD,PIDILITIND.NS,True,False,False,57.00241461986756,HOLD/WAIT,74.0,HOLD/WAIT,"ROCE 31%, P/E 56.8x vs sector 20.2x, FCF yld 1%, D/E 0.04",[N100]
0.17206754906435417,0.12078780055201643,0.12343163538873991,0.10975670295672879,0.20498798076923078,0.07315535115318232,0.1532128154644711,0.32560137457044674,83.1113,,,,0.020809469263077512,-0.008485998103129836,0.0004176361792255832,148.30434782608697,0.0,0.5740711344783824,Healthcare,DIVI S LABORATORIES LTD,DIVISLAB.NS,True,False,False,56.730898782878626,HOLD/WAIT,68.05000000000001,HOLD/WAIT,"ROCE 20%, P/E 83.1x vs sector 35.8x, FCF yld n/a, D/E 0.00",[N100]
0.1391653387053129,0.26644207336654246,0.15915223663663136,0.15471464370632626,0.36359871351419143,0.18708782562400478,0.25270642241992036,0.3007657351882543,45.39928,33.627,0.0019969508525087333,,0.020749374824370524,0.10150161032765183,0.0027288291672068602,1239.916923076923,0.0,-0.11933253371421904,Industrials,BHARAT ELECTRONICS LTD,BEL.NS,True,False,False,55.96664622422263,SELL,69.5,SELL,"ROCE 36%, P/E 45.4x vs sector 42.3x, FCF yld 0%, D/E 0.00",[N100]
-0.20446058987784632,0.4733977446458364,0.2196002895045357,0.14882310633383145,0.1905246955292897,0.07737804056798045,0.1790943842808705,0.2986892149130125,36.40929,11.136,0.0695656928910642,,0.35793903289902773,,1.3109899192655676,3.5317330433905374,0.0,-0.05355699292562055,Communication Services,BHARTI AIRTEL LIMITED,BHARTIARTL.NS,True,True,False,55.960596750076185,HOLD/WAIT,64.95,HOLD/WAIT,"ROCE 19%, P/E 36.4x vs sector 25.9x, FCF yld 7%, D/E 1.31",[S30·N100]
0.012365346684873213,0.21109694032148574,0.20089361396256566,0.1589518551323683,0.1805845404363576,0.0572073052899951,0.13699147880245957,0.10930460133906211,24.981358,16.914,0.024301006342581245,,0.049139412323730716,-0.029690826902022422,0.0009565466519467357,81.09426057813154,0.0,-0.1542133386222072,Consumer Cyclical,MARUTI SUZUKI INDIA LTD.,MARUTI.NS,True,True,False,55.83700886084255,HOLD/WAIT,67.75000000000001,HOLD/WAIT,"ROCE 18%, P/E 25.0x vs sector 33.1x, FCF yld 2%, D/E 0.00",[S30·N100]
0.162828803936238,0.029516551243742306,0.07545985120062593,0.056647625193595674,0.5408080939885458,0.32367682962068745,0.49612459268078707,0.1802148772338414,44.15103,31.945,0.020911895879324627,,0.12758527983302764,-0.00802614894871937,0.27368913710991355,30.96610478359909,0.0,-0.13195941310279002,Consumer Defensive,BRITANNIA INDUSTRIES LTD,BRITANNIA.NS,True,False,False,55.294503685078645,HOLD/WAIT,72.30000000000001,HOLD/WAIT,"ROCE 54%, P/E 44.2x vs sector 44.6x, FCF yld 2%, D/E 0.27",[N100]
-0.043013225991949344,0.03868359686643674,0.11181923027636587,0.08654772035396308,0.31829896907216493,0.17381981301419333,0.2214062396061997,0.17650448733710353,19.394176,,0.05506172507082701,,0.14255747479714778,-0.02866899482186172,0.06938069580256769,26.433831990794015,0.0,-0.12160604242684603,Technology,HCL TECHNOLOGIES LTD,HCLTECH.NS,True,True,False,54.83388311024186,HOLD/WAIT,67.6,HOLD/WAIT,"ROCE 32%, P/E 19.4x vs sector 17.2x, FCF yld 6%, D/E 0.07",[S30·N100]
0.35014493012936354,0.31456842625604486,0.29181179284873116,0.20207407485564266,0.18324350923174565,0.06172024019068478,0.3155845988969339,0.14777731632684968,55.116665,26.401,,,-0.028718639845058815,0.020384555072139033,3.4284977912538883,3.1718669062965916,0.0,0.0724320810314194,Consumer Cyclical,TVS MOTOR COMPANY  LTD,TVSMOTOR.NS,True,False,False,54.42219334798196,SELL,66.7,SELL,"ROCE 18%, P/E 55.1x vs sector 33.1x, FCF yld n/a, D/E 3.43",[N100]
0.11180433433329884,0.5696895511670528,0.1763920463300328,0.3475320487739142,0.25957275944809094,0.10955507755501293,0.24620311882577298,0.12114945458740531,75.84861,47.689,0.0066145533070614505,,0.04558010005989891,-0.08082564129672987,0.36669539620999103,14.284704484704484,0.0,-0.012037733860817745,Consumer Cyclical,TRENT LTD,TRENT.NS,True,False,False,54.21668983816034,HOLD/WAIT,67.25000000000001,HOLD/WAIT,"ROCE 26%, P/E 75.8x vs sector 33.1x, FCF yld 1%, D/E 0.37",[N100]
0.07207390686965032,0.03541583472548049,0.051773345344076294,0.04506554737175894,0.20355019556297513,0.06359448440254378,0.16594655467129968,0.1952077902162245,33.828827,25.645,0.032403728278045156,,0.16550222358533967,-0.039107180757795665,0.11272978198733397,20.29090619271539,0.0,-0.10972158178378177,Consumer Defensive,DABUR INDIA LTD,DABUR.NS,True,False,False,52.728136290589916,HOLD/WAIT,65.15,HOLD/WAIT,"ROCE 20%, P/E 33.8x vs sector 44.6x, FCF yld 3%, D/E 0.11",[N100]
0.05035940942662842,0.10649894433841345,0.11873004587706859,0.10390670085310827,0.1970980620169865,0.07747603488011888,0.13736278134916452,0.2655060253235523,35.846584,24.56,0.02035575807205518,,0.15131902018048402,-0.008638673525686669,0.05537052790059219,45.61030952170193,0.0,0.054781017763430695,Healthcare,SUN PHARMACEUTICAL IND L,SUNPHARMA.NS,True,True,False,52.72295473764534,HOLD/WAIT,67.9,HOLD/WAIT,"ROCE 20%, P/E 35.8x vs sector 35.8x, FCF yld 2%, D/E 0.06",[S30·N100]
-0.10866405932764844,0.1796610544213353,0.08087993798639448,0.15414610570979437,0.3532106202027562,0.16557179655114063,0.2128971578575266,0.1721603450967906,96.0362,,0.006753691268906577,,0.0749740534483656,0.032903226752541335,0.010824414017884148,116.00464156781847,0.0,0.05916202836620177,Industrials,ABB INDIA LIMITED,ABB.NS,True,False,False,51.77862179616607,HOLD/WAIT,66.35,HOLD/WAIT,"ROCE 35%, P/E 96.0x vs sector 42.3x, FCF yld 1%, D/E 0.01",[N100]
0.3225089140002011,0.18477752617296117,0.2406285292594197,0.17497272740904268,0.1550435194112456,0.03934572201409238,0.18366831782341628,0.17886580359863996,17.266308,10.806,0.006022979109065456,,0.010626265063922221,0.017131286436517127,1.4389731713434522,3.6924456855244787,0.0,-0.10688303229537521,Consumer Cyclical,MAHINDRA & MAHINDRA LTD,M&M.NS,True,True,False,51.72145379419142,HOLD/WAIT,70.10000000000001,HOLD/WAIT,"ROCE 16%, P/E 17.3x vs sector 33.1x, FCF yld 1%, D/E 1.44",[S30·N100]
,,,,,,,,,,,,,,,999.0,0.0,,Other,BOSCH.NS,BOSCH.NS,True,False,False,51.327380952380956,NO DATA,52.5,NO DATA,"ROCE n/a, P/E n/a vs sector n/a, FCF yld n/a, D/E n/a",[N100]
,,,,,,,,,,,,,,,999.0,0.0,,Other,INFOEDGE.NS,INFOEDGE.NS,True,False,False,51.327380952380956,NO DATA,52.5,NO DATA,"ROCE n/a, P/E n/a vs sector n/a, FCF yld n/a, D/E n/a",[N100]
,,,,,,,,,,,,,,,999.0,0.0,,Other,LTIMINDTREE.NS,LTIMINDTREE.NS,True,False,False,51.327380952380956,NO DATA,52.5,NO DATA,"ROCE n/a, P/E n/a vs sector n/a, FCF yld n/a, D/E n/a",[N100]
,,,,,,,,,,,,,,,999.0,0.0,,Other,MACROTECH.NS,MACROTECH.NS,True,False,False,51.327380952380956,NO DATA,52.5,NO DATA,"ROCE n/a, P/E n/a vs sector n/a, FCF yld n/a, D/E n/a",[N100]
,,,,,,,,,,,,,,,999.0,0.0,,Other,TATAMOTORS.NS,TATAMOTORS.NS,True,True,False,51.327380952380956,NO DATA,52.5,NO DATA,"ROCE n/a, P/E n/a vs sector n/a, FCF yld n/a, D/E n/a",[S30·N100]
0.34290061553357765,0.33336300616284453,0.15719548281901075,0.14846702644087806,0.17580355686082558,0.056752093121816116,0.2048185145726311,0.12111310044719918,55.618053,33.713,0.007713029594347169,,0.0358762936260066,-0.041176921101595265,0.8958133353023702,8.472339230553215,0.0,0.09003327863289323,Healthcare,APOLLO HOSPITALS ENTER. L,APOLLOHOSP.NS,True,False,False,51.1800139173482,HOLD/WAIT,66.5,HOLD/WAIT,"ROCE 18%, P/E 55.6x vs sector 35.8x, FCF yld 1%, D/E 0.90",[N100]
0.1315770904386686,-0.0014094743522335973,0.07222537805515561,0.021581233101096498,0.2582833436115939,0.1121837562430648,0.1624458896384989,0.12163075504176685,26.730131,13.95,0.040393775455495655,,0.09638759913685374,-0.027569709172078252,0.07381970191184316,20.481624184943687,0.0,0.08176120709197088,Technology,TECH MAHINDRA LIMITED,TECHM.NS,True,True,False,51.1188288313326,HOLD/WAIT,64.05,HOLD/WAIT,"ROCE 26%, P/E 26.7x vs sector 17.2x, FCF yld 4%, D/E 0.07",[S30·N100]
0.17945970119136234,0.017462094983582643,0.0510341955991942,0.011045837431410632,0.25170245362029486,0.10032622710480738,0.20238784292605277,0.17441454774639922,48.180172,32.873,0.024384306372111142,,0.15758914377519984,-0.0800020501243829,0.18383891886378131,31.72227623970114,0.0,0.05888006622143571,Basic Materials,ASIAN PAINTS LIMITED,ASIANPAINT.NS,True,False,False,50.356439716169916,HOLD/WAIT,68.0,HOLD/WAIT,"ROCE 25%, P/E 48.2x vs sector 20.2x, FCF yld 2%, D/E 0.18",[N100]
0.12667349565181296,0.09600418099371089,0.13672895722687128,0.12916874889233587,0.1706124469067743,0.04408635414751132,0.13991072605471766,0.5840723408829263,24.205284,17.821,0.01168205009716562,,0.1236879543898146,0.04451775682375441,0.15765280768570566,14.991252285703425,0.0,0.12405254071882177,Real Estate,OBEROI REALTY LIMITED,OBEROIRLTY.NS,True,False,False,50.239069500398536,HOLD/WAIT,72.14999999999999,HOLD/WAIT,"ROCE 17%, P/E 24.2x vs sector 30.1x, FCF yld 1%, D/E 0.16",[N100]
1.9973028657051883,0.35909687050936556,0.18295115694766295,0.1349247485898457,0.08704687708644357,-0.05608062771692622,0.06120334529026899,0.08944237346117084,59.84957,49.492,0.036080192112894094,,0.16218688417089955,,0.31311707330319305,3.8298598705887024,0.0,0.5773336822430424,Industrials,BHEL,BHEL.NS,True,False,False,50.07299928968242,HOLD/WAIT,60.45,HOLD/WAIT,"ROCE 9%, P/E 59.8x vs sector 42.3x, FCF yld 4%, D/E 0.31",[N100]
0.5202277494755769,0.160006707482786,0.4478921357258947,0.2923622602963414,0.1764263766385923,0.05719968614180909,0.3230592880341336,0.09141515377126166,69.17953,48.816,0.011668737647074483,,0.05369681003378959,-0.008536847145852941,1.9500095523148444,6.763559322033898,0.0,0.011164544238300156,Consumer Cyclical,TITAN COMPANY LIMITED,TITAN.NS,True,True,False,49.83119821055276,HOLD/WAIT,68.1,HOLD/WAIT,"ROCE 18%, P/E 69.2x vs sector 33.1x, FCF yld 1%, D/E 1.95",[S30·N100]
0.13191366906474822,0.20215483995583905,0.21522366299233475,0.13269297536029145,0.14606984970441855,0.03840212993677025,0.25789927316553873,0.23681250404457505,76.06162,38.291,0.012941391016252562,,0.1705316443915105,-0.019392958469902934,1.7912171884369303,8.466245548363618,0.0,0.1848427445033114,Healthcare,TORRENT PHARMACEUTICALS L,TORNTPHARM.NS,True,False,False,49.43457570637777,HOLD/WAIT,68.35,HOLD/WAIT,"ROCE 15%, P/E 76.1x vs sector 35.8x, FCF yld 1%, D/E 1.79",[N100]
0.01490928214567444,0.3716586011740266,0.1109107888776435,0.17095039272356716,0.13369789325336534,-0.03222671889026564,0.09418588761237298,0.056379271317494636,37.01887,16.088,0.031642207416242255,,0.04183553572985429,-0.06719115400487985,0.46778641079951977,4.950625087793229,0.0,0.33115599672293006,Consumer Cyclical,SAMVRDHNA MTHRSN INTL LTD,MOTHERSON.NS,True,False,False,49.21367250133381,HOLD/WAIT,63.55000000000001,HOLD/WAIT,"ROCE 13%, P/E 37.0x vs sector 33.1x, FCF yld 3%, D/E 0.47",[N100]
0.010773254962683998,0.29435304705700327,-0.01370935911525939,0.11317235861499086,0.06849783687821988,-0.03187317117143042,0.09708264440722701,0.39747739940211985,36.848858,,0.03802154879652648,,0.7933735355653514,-0.0258125644000283,0.006726864551113904,16.979259991617447,0.0,0.1678363828593621,Real Estate,DLF LIMITED,DLF.NS,True,False,False,48.35261924517239,HOLD/WAIT,60.25000000000001,HOLD/WAIT,"ROCE 7%, P/E 36.8x vs sector 30.1x, FCF yld 4%, D/E 0.01",[N100]
-0.225428844879629,0.10896135565363618,0.16243355781975932,0.03036545984675154,0.20467810202717754,0.04618980349730854,0.15907647645831444,0.13228366409048503,81.56317,,,,-0.0003282615956968936,,0.010984607940971907,152.11920529801324,0.0,0.17835438320074637,Industrials,SIEMENS LTD,SIEMENS.NS,True,False,False,48.19134923482026,HOLD/WAIT,56.75,HOLD/WAIT,"ROCE 20%, P/E 81.6x vs sector 42.3x, FCF yld n/a, D/E 0.01",[N100]
0.11723638470451903,0.409817534866181,0.15999148562236876,0.10564881944425952,0.13713379649913418,0.020667704588021182,0.24372318172913468,0.1758227178350536,25.49493,11.445,,,-0.1398135709678449,0.08279571190788983,4.489333779909547,2.0956798061492354,0.0,-0.11001440158559606,Industrials,ASHOK LEYLAND LTD,ASHOKLEY.NS,True,False,False,48.018106100949424,SELL,60.699999999999996,SELL,"ROCE 14%, P/E 25.5x vs sector 42.3x, FCF yld n/a, D/E 4.49",[N100]
-0.15422306824591092,-0.05510372053314461,0.07834830479592614,0.04744495468792542,0.15616831584207896,0.041813453400986175,0.11386055605471963,0.4505561937981277,15.294799,6.98,,,-0.09517811581565094,-0.02615830666760108,0.008378310828767036,140.40833932422717,0.0,-0.0008384078893904912,Communication Services,SUN TV NETWORK LIMITED,SUNTV.NS,True,False,False,47.639828079788394,HOLD/WAIT,57.449999999999996,HOLD/WAIT,"ROCE 16%, P/E 15.3x vs sector 25.9x, FCF yld n/a, D/E 0.01",[N100]
0.004720069430698803,0.051552207599823374,0.03968642382173204,0.007808818557295538,0.1845189336160851,0.055798479140656054,0.14906118133928492,0.19577107445154604,12.635135,7.937,0.08502960480745664,19.075552574800128,0.14436107272413198,-0.012219026508142964,0.2291815380723044,22.92717157668479,0.0,-0.20968768355299883,Technology,WIPRO LTD,WIPRO.NS,True,False,False,47.41731372107798,HOLD/WAIT,69.70000000000002,HOLD/WAIT,"ROCE 18%, P/E 12.6x vs sector 17.2x, FCF yld 9%, D/E 0.23",[N100]
0.0696197607119986,0.15382271021915606,0.11807835807318123,0.16091374613178266,0.13137332745050492,0.013056039614409223,0.14716826272900124,0.1014080771658557,30.465618,16.843,0.023583694022195564,,0.04198002295292687,-0.0014517294756547056,1.1482959983456829,10.124179815379428,0.0,-0.07308806475442986,Industrials,LARSEN & TOUBRO LTD.,LT.NS,True,True,False,47.1270973303459,HOLD/WAIT,63.45,HOLD/WAIT,"ROCE 13%, P/E 30.5x vs sector 42.3x, FCF yld 2%, D/E 1.15",[S30·N100]
0.14351054776890937,0.041101752530077196,-0.006037340351736975,-0.013000309277934274,0.14380969090444654,0.04430195342254395,0.11142541811616577,0.1294382029310646,6.3972244,4.396,0.21096922376071023,,0.09702815667745664,-0.09002966617796337,0.4688387088505071,7.3063759792198955,0.0,-0.22164057089901557,Energy,OIL AND NATURAL GAS CORP.,ONGC.NS,True,True,False,46.57842973989282,HOLD/WAIT,60.99999999999999,HOLD/WAIT,"ROCE 14%, P/E 6.4x vs sector 7.9x, FCF yld 21%, D/E 0.47",[S30·N100]
0.42203033957045655,0.15720058324922936,0.08105699749538675,0.019653113099955544,0.07182011844787048,-0.056977560703536684,0.05588187928003038,0.06024129029043609,16.625242,7.876,0.14535653306884022,,0.09347675753011582,,0.5289908787677357,3.1249899775969814,0.0,0.05518051223109888,Basic Materials,STEEL AUTHORITY OF INDIA,SAIL.NS,True,False,False,46.24289812854333,HOLD/WAIT,63.449999999999996,HOLD/WAIT,"ROCE 7%, P/E 16.6x vs sector 20.2x, FCF yld 15%, D/E 0.53",[N100]
0.14827544047926322,0.1640770678144825,0.03185358572746022,0.09868224085239286,0.25153240297580065,0.10649399168190661,0.17879174699935593,0.10080258002918147,39.938488,29.889,0.0013428211249835887,,0.003927652937977721,0.008040688310587437,0.02804725730185808,60.50902235389173,0.0,-0.16240529156585337,Industrials,HAVELLS INDIA LIMITED,HAVELLS.NS,True,False,False,45.67813675177333,HOLD/WAIT,63.599999999999994,HOLD/WAIT,"ROCE 25%, P/E 39.9x vs sector 42.3x, FCF yld 0%, D/E 0.03",[N100]
0.3216752744858524,0.47943315424518174,0.04723989405927598,0.323778659591867,0.07510043270504076,-0.018606294055958324,0.09658824548929448,0.49595969444505245,30.128084,,,,-0.47942040866680863,0.04705497064940802,0.8297385508317698,999.0,0.0,-0.055496430404581076,Real Estate,GODREJ PROPERTIES LTD,GODREJPROP.NS,True,False,False,45.671555813138966,HOLD/WAIT,58.9,HOLD/WAIT,"ROCE 8%, P/E 30.1x vs sector 30.1x, FCF yld n/a, D/E 0.83",[N100]
0.3521263894845432,0.1726452648493617,0.1661016768208261,0.11916250682385199,0.12735164457783446,-0.0012381441231060636,0.10656829480861886,0.14577393998319133,36.941006,19.445,0.017888854108724983,,0.0645212049136954,-0.05057588958130535,0.31002339489926983,7.0336213798625105,0.0,-0.058210105409718826,Basic Materials,ULTRATECH CEMENT LIMITED,ULTRACEMCO.NS,True,True,False,44.89326532859231,HOLD/WAIT,58.9,HOLD/WAIT,"ROCE 13%, P/E 36.9x vs sector 20.2x, FCF yld 2%, D/E 0.31",[S30·N100]
-1.3295354348065689,0.985060374120214,0.06558093034401558,0.15551373629828658,0.047127933579866756,-0.046086188746395924,-0.34311658131428324,0.04751967442439689,,10.441,0.11487813995224365,,0.26308897833244066,,11.153074837543572,0.6671929109798329,0.0,0.14732487336005184,Industrials,INTERGLOBE AVIATION LTD,INDIGO.NS,True,False,False,44.86116545855457,SELL,54.5,SELL,"ROCE 5%, P/E n/a vs sector n/a, FCF yld 11%, D/E 11.15",[N100]
-0.11034003297087569,0.48739587000719276,0.2023866848010032,0.12866731709463486,0.11037826181727596,0.017188577026509486,0.10399094135725874,0.09057954378031247,11.615543,9.296,,,-0.11144446143581713,0.12719516545892753,0.026265489860607068,20.24631860776439,0.0,-0.160585568829528,Basic Materials,ACC LIMITED,ACC.NS,True,False,False,44.5583597503984,SELL,57.45,SELL,"ROCE 11%, P/E 11.6x vs sector 20.2x, FCF yld n/a, D/E 0.03",[N100]
2.155631762514947,0.07205668401450982,0.06204158958422634,-0.01589860941996224,0.12461060112876794,-0.018781681308572426,0.10564860794977667,0.10046203220612378,20.010168,9.24,0.09282345000119797,,0.08904034491294956,,0.9042165499549025,3.228067017717167,0.0,-0.11479037941281656,Basic Materials,TATA STEEL LIMITED,TATASTEEL.NS,True,True,False,43.47662715614541,HOLD/WAIT,57.95,HOLD/WAIT,"ROCE 12%, P/E 20.0x vs sector 20.2x, FCF yld 9%, D/E 0.90",[S30·N100]
0.1549820129909496,0.16949816418059882,-0.01197865728840175,0.01868097843383798,0.08391636036319419,0.023943718996494057,0.1331484227417584,0.21467973826302567,9.608617,9.905,0.02231252492489595,,0.037236203278130126,-0.04269142563820122,1.3338436634662014,3.193357093605178,0.0,-0.14440425742240393,Utilities,NTPC LTD,NTPC.NS,True,True,False,43.40965610257373,HOLD/WAIT,58.95,HOLD/WAIT,"ROCE 8%, P/E 9.6x vs sector 26.2x, FCF yld 2%, D/E 1.33",[S30·N100]
-0.008074183249257905,0.06162098290112583,-0.03526805295107127,0.1250962764056618,0.15562913460468034,0.03989071628320058,0.19764269549137561,0.3407679398199444,26.528454,20.334,,,-0.05237907407571554,-0.05397353329970948,0.8395655904626154,6.2472941726109665,0.0,0.15622229832640877,Utilities,ADANI POWER LTD,ADANIPOWER.NS,True,False,False,43.386510840201126,HOLD/WAIT,58.74999999999999,HOLD/WAIT,"ROCE 16%, P/E 26.5x vs sector 26.2x, FCF yld n/a, D/E 0.84",[N100]
-0.2642550431292816,0.11454373804227447,0.020861361409299617,0.07234079281312833,0.15492939534200278,0.044384170124943154,0.1126636742908839,0.19023957037625638,32.2382,19.181,0.007919466105350522,,0.031059455413942637,-0.0014304882485355085,0.017825595123134183,109.3066556085424,0.0,0.11680322656647824,Healthcare,CIPLA LTD,CIPLA.NS,True,False,False,43.340236137650805,HOLD/WAIT,61.300000000000004,HOLD/WAIT,"ROCE 15%, P/E 32.2x vs sector 35.8x, FCF yld 1%, D/E 0.02",[N100]
0.2063638567975783,0.08611325596691377,0.1520526421302677,0.1387405639185082,0.10713170909539542,-0.010961584263878374,0.07078819857046668,0.11451364138218924,57.616596,34.251,0.02096017331883123,,0.09782946574248375,-0.025529011150275623,0.1294093456210961,16.856235860760417,0.0,-0.10220010882855834,Consumer Defensive,TATA CONSUMER PRODUCT LTD,TATACONSUM.NS,True,False,False,42.50635868106755,HOLD/WAIT,57.25,HOLD/WAIT,"ROCE 11%, P/E 57.6x vs sector 44.6x, FCF yld 2%, D/E 0.13",[N100]
0.004950601954327061,0.030211455823220046,0.08500574115510018,0.045882778750438336,0.18039521771525904,0.042618602448183024,0.1471174706293789,0.192243887288089,45.11473,27.441,0.02218034941061658,,0.12708136176671794,-0.029389816430247524,0.34899450325813347,9.282151307795614,0.0,-0.20536975423452575,Consumer Defensive,GODREJ CONSUMER PRODUCTS,GODREJCP.NS,True,False,False,42.33838580705987,HOLD/WAIT,61.95,HOLD/WAIT,"ROCE 18%, P/E 45.1x vs sector 44.6x, FCF yld 2%, D/E 0.35",[N100]
0.09692321327021225,0.07689750557993946,0.1595618331964448,0.17136000226655534,0.1616704531752123,0.03725246533152754,0.12142270859596371,0.06148971019662369,81.69945,46.02,,,-0.009414205533999666,-0.016808211281163356,0.0991246744200876,29.79043521196304,0.0,-0.12541199570552108,Consumer Defensive,AVENUE SUPERMARTS LIMITED,DMART.NS,True,False,False,41.94491621501152,HOLD/WAIT,56.3,HOLD/WAIT,"ROCE 16%, P/E 81.7x vs sector 44.6x, FCF yld n/a, D/E 0.10",[N100]
0.5529093224792254,0.11121464311045215,0.08491472324907967,0.05684849136273962,0.09987732708913566,-0.00863128699008546,0.07493532833094016,0.12140764713911083,49.33541,16.848,0.023936509259948655,,0.09155457374575174,-0.06514583159257192,0.08028957091706769,12.103626943005182,0.0,-0.10173525128848626,Basic Materials,SHREE CEMENT LIMITED,SHREECEM.NS,True,False,False,41.87931844526449,HOLD/WAIT,50.699999999999996,HOLD/WAIT,"ROCE 10%, P/E 49.3x vs sector 20.2x, FCF yld 2%, D/E 0.08",[N100]
0.026190224618334312,0.010867601620135003,0.015712823203000825,0.005725638002853417,0.10831174126120298,0.044193749442723085,0.15849647984064327,0.5996162663912756,12.419197,9.769,0.015481295884568152,,0.08156896962678567,-0.08483310977070802,1.5081303834665603,2.8192352734204738,0.0,-0.13589299336246563,Utilities,POWER GRID CORP. LTD.,POWERGRID.NS,True,True,False,41.258991301107656,HOLD/WAIT,59.75000000000001,HOLD/WAIT,"ROCE 11%, P/E 12.4x vs sector 26.2x, FCF yld 2%, D/E 1.51",[S30·N100]
1.1426978818283167,-0.18649219802963868,0.10896632225152403,-0.011621210855733533,0.11492054993594279,-0.015849352615339235,0.055395434632234265,0.11714714539110774,21.319244,8.651,0.12407569821141108,,0.10621211235210416,,0.6795019598801014,2.1065545040308447,0.0,-0.18066518501264284,Basic Materials,UPL LIMITED,UPL.NS,True,False,False,40.38510878226356,HOLD/WAIT,54.65,HOLD/WAIT,"ROCE 11%, P/E 21.3x vs sector 20.2x, FCF yld 12%, D/E 0.68",[N100]
0.1597605099931081,0.0658907750634663,0.0959123783421254,0.0639405357459426,0.12639960573639802,0.028263420892972207,0.08934991095428249,0.13925024048943502,21.144926,10.673,0.04380915366307731,,0.06545190731532445,-0.051116089874847344,0.44025087663020035,6.119803791153974,0.0,-0.1300666775064664,Energy,RELIANCE INDUSTRIES LTD,RELIANCE.NS,True,True,False,39.49071999368679,SELL,57.699999999999996,HOLD/WAIT,"ROCE 13%, P/E 21.1x vs sector 7.9x, FCF yld 4%, D/E 0.44",[S30·N100]
0.09878459715089116,0.34610535705639967,0.1876542718310148,0.08860129914472825,0.059377637105907016,0.01844246729485302,0.0796696464136881,0.08812691709157505,20.198992,16.838,,,-0.02458881043998659,-0.007068117750255004,0.01459088632814422,15.752336657573453,0.0,-0.1892916996836479,Basic Materials,AMBUJA CEMENTS LTD,AMBUJACEM.NS,True,False,False,39.426852661478854,SELL,54.15,HOLD/WAIT,"ROCE 6%, P/E 20.2x vs sector 20.2x, FCF yld n/a, D/E 0.01",[N100]
-0.39095648122861415,0.10525172279057893,-0.0021421168415964864,-0.008622469851381598,0.09466191931305418,-0.013917776683089744,0.08514883840017248,0.07549132853269107,11.297405,8.913,0.02187615481619811,,0.01724858281616399,-0.026087014065162673,0.2788501015164582,11.086519114688128,0.0,0.11084842846276244,Utilities,GAIL (INDIA) LTD,GAIL.NS,True,True,False,38.544108374428134,SELL,51.400000000000006,HOLD/WAIT,"ROCE 9%, P/E 11.3x vs sector 26.2x, FCF yld 2%, D/E 0.28",[S30·N100]
-0.16311480532466716,0.09868590058951932,0.15028140847685023,0.0709955900179613,0.09843988545308364,-0.024238767597918334,0.09804294824392494,0.07993632675816639,12.636968,6.888,,,-0.07279142611923328,0.00903118216190572,0.7260127541494915,6.608247422680412,0.0,-0.015852914410171004,Basic Materials,HINDALCO  INDUSTRIES  LTD,HINDALCO.NS,True,True,False,37.61034346269552,SELL,52.349999999999994,HOLD/WAIT,"ROCE 10%, P/E 12.6x vs sector 20.2x, FCF yld n/a, D/E 0.73",[S30·N100]
0.14404432132963985,0.19256949261593403,0.11577803928668406,0.16602337102900755,0.0656889780228963,-0.04707032334617049,0.08274480340596044,0.6377575855914327,121.26909,27.326,,,-1.2949862080155767,,5.080891560230403,1.341467576791809,0.0,0.23469141813654315,Utilities,ADANI GREEN ENERGY LTD,ADANIGREEN.NS,True,False,False,37.19664423961559,SELL,48.349999999999994,SELL,"ROCE 7%, P/E 121.3x vs sector 26.2x, FCF yld n/a, D/E 5.08",[N100]
-0.24218307866440292,-0.016674294475082507,0.03194126591610735,0.10962715603768824,0.13337175083592234,0.024569626804170075,0.11364148696636901,0.17430559069814516,30.26415,18.673,0.018291856250295932,132.38265991963348,0.05456445184009907,-0.02400120135463091,0.20511426472499292,15.664794007490636,0.0,0.016139803855154122,Healthcare,DR. REDDY S LABORATORIES,DRREDDY.NS,True,False,False,36.98836527918439,SELL,54.35,HOLD/WAIT,"ROCE 13%, P/E 30.3x vs sector 35.8x, FCF yld 2%, D/E 0.21",[N100]
0.31560360614171,0.5591755566442864,0.02615813887227536,-0.07670321975732775,0.1098712071812021,-0.024993314217156615,0.11540760411215438,0.19864527738033902,48.8311,32.123,,,-0.3092962172407238,0.02669170740788382,1.3175228712174525,3.1155717818645967,0.0,0.3743298831268729,Energy,ADANI ENTERPRISES LIMITED,ADANIENT.NS,True,True,False,35.87232419455141,SELL,53.550000000000004,HOLD/WAIT,"ROCE 11%, P/E 48.8x vs sector 7.9x, FCF yld n/a, D/E 1.32",[S30·N100]
0.34023445089700144,-0.10063893363402521,0.181726962818628,0.1430180401587764,0.05450749125180765,-0.00933554663067715,0.0479992639406699,0.10295977226444136,35.38232,12.688,,,-0.1922437277823893,,2.2020124302792543,5.213956697957187,0.0,0.07783391910761495,Basic Materials,GRASIM INDUSTRIES LTD,GRASIM.NS,True,True,False,35.53597479580158,SELL,46.749999999999986,SELL,"ROCE 5%, P/E 35.4x vs sector 20.2x, FCF yld n/a, D/E 2.20",[S30·N100]
-0.3055028462998103,,1.6855703206046533,0.9770414165813188,0.02900604413083085,-0.06362798516106306,0.011814073595868302,0.018449709366492532,692.55554,,,,-0.02058347435803105,-0.0065298507462686565,0.14822466107165913,2.5850515463917527,0.0,0.2796568682715892,Consumer Cyclical,ETERNAL LIMITED,ETERNAL.NS,True,False,False,35.21488848704039,SELL,47.7,SELL,"ROCE 3%, P/E 692.6x vs sector 33.1x, FCF yld n/a, D/E 0.15",[N100]
-1.8391502276176024,,0.21524996291351428,0.011984074365245956,0.04646480291179431,-0.0024661315424174893,0.03450642705603395,0.0732421875,163.57425,,,,-0.149169921875,0.05419192975120218,0.010732559590665169,33.333333333333336,0.0,0.48443330613956825,Technology,ONE 97 COMMUNICATIONS LTD,PAYTM.NS,True,False,False,33.132442177158744,SELL,45.35,SELL,"ROCE 5%, P/E 163.6x vs sector 17.2x, FCF yld n/a, D/E 0.01",[N100]
0.25246202609531476,-0.011888935424637204,0.07222969292981873,0.020091253383073493,0.06505219088773131,-0.000157349032080617,0.09087828853218294,0.5508952050453334,26.238094,22.489,,,-0.7442729802259253,0.003933976324981841,1.3178061344908123,1.904564908605476,0.0,-0.0635460401807898,Utilities,NHPC LTD,NHPC.NS,True,False,False,32.41968641917227,SELL,46.9,SELL,"ROCE 7%, P/E 26.2x vs sector 26.2x, FCF yld n/a, D/E 1.32",[N100]
0.1974481976295548,-0.05372330731936181,0.055195410774177445,-0.13073621647753275,0.08293187327450374,-0.03907022983162006,0.0661581947432666,0.1379576873103252,40.851143,14.408,,,-0.05440412842562452,-0.03924693671155913,0.44420499378080985,3.7643002104630185,0.0,-0.09978396062641837,Basic Materials,JINDAL STEEL LIMITED,JINDALSTEL.NS,True,False,False,29.88281351212586,SELL,41.75,SELL,"ROCE 8%, P/E 40.9x vs sector 20.2x, FCF yld n/a, D/E 0.44",[N100]
-0.056361118106270425,0.03945924218667907,-0.04801571862415255,0.04098800149350912,0.1007800124827074,0.006668783960201069,0.09494438547847694,0.18959104883796699,29.038143,14.242,,,-0.12615356844324546,-0.012838758332812231,2.021661526112436,2.343785690564326,0.0,-0.10781104246284134,Utilities,TATA POWER CO LTD,TATAPOWER.NS,True,False,False,29.17081607430795,SELL,42.1,SELL,"ROCE 10%, P/E 29.0x vs sector 26.2x, FCF yld n/a, D/E 2.02",[N100]
-0.05953496528796354,0.34605620932767667,0.04014464440245846,0.12160508731062092,,,0.12270005838574913,,13.743959,,,,-0.12316386182341665,0.01799622557544492,1.304486076359073,,0.0,-0.08181306712418923,Financial Services,AXIS BANK LIMITED,AXISBANK.NS,True,True,True,,NOT SCORED (BFSI),,NOT SCORED (BFSI),BFSI engine (v3) pending,[S30·N100]
0.10466947164830809,0.15161158100432037,0.13625484428648638,0.22919447792690484,0.1264988840013974,0.020763927299681476,0.12579042796213877,0.40186571215266353,27.08805,11.783,,,-0.4137846931806259,,4.638108006576905,1.9522300754681425,0.0,-0.03380582665313614,Financial Services,BAJAJ FINSERV LTD.,BAJAJFINSV.NS,True,True,True,,NOT SCORED (BFSI),,NOT SCORED (BFSI),BFSI engine (v3) pending,[S30·N100]
0.4778772733476775,0.2571316610223011,0.2696435064651723,0.18980352906944042,,,0.13173853166987876,,13.224895,,0.04079426331556902,,0.5476241754666532,0.057008658908634505,0.00013150955194066814,999.0,0.0,0.07538660699974531,Financial Services,BAJAJ HOLDINGS & INVS LTD,BAJAJHLDNG.NS,True,False,True,,NOT SCORED (BFSI),,NOT SCORED (BFSI),BFSI engine (v3) pending,[N100]
0.1430217420311075,0.18228156986859512,0.19734727240422223,0.22576659990078096,,,0.16682064459852375,,27.93175,,,,-1.3440107761029045,,3.095173186576516,,0.0,0.03528540026154681,Financial Services,BAJAJ FINANCE LIMITED,BAJFINANCE.NS,True,True,True,,NOT SCORED (BFSI),,NOT SCORED (BFSI),BFSI engine (v3) pending,[S30·N100]
-0.04199117237379135,0.10014044565535185,0.004340454553529494,0.10301515106467973,,,0.11965185884423564,,6.6021075,,0.26369828619768265,,0.42219852004787334,-0.006461900025449728,0.9362656457792757,,0.0,-0.13291782629640703,Financial Services,BANK OF BARODA,BANKBARODA.NS,True,False,True,,NOT SCORED (BFSI),,NOT SCORED (BFSI),BFSI engine (v3) pending,[N100]
0.22753419194407298,0.25222354731235574,0.24914343150844798,0.3284731149798308,,,0.17179530113203584,,23.205847,,,,-1.8078603897363654,,6.949995731883487,,0.0,0.011205683421058543,Financial Services,CHOLAMANDALAM IN & FIN CO,CHOLAFIN.NS,True,False,True,,NOT SCORED (BFSI),,NOT SCORED (BFSI),BFSI engine (v3) pending,[N100]
0.046450949453778145,0.12466083352511492,0.04733207584666732,0.16901404653643337,,,0.0862935303390961,,15.657493,,0.09643320603489937,,0.5534580263532475,-0.007863115122216574,0.8134343829261803,,0.0,-0.10727382784964412,Financial Services,HDFC BANK LTD,HDFCBANK.NS,True,True,True,,NOT SCORED (BFSI),,NOT SCORED (BFSI),BFSI engine (v3) pending,[S30·N100]
0.05605195436321675,0.11805242919673353,0.017072444726254465,0.0925310901976737,0.11879227089810307,0.016565214905604614,0.10773913014083746,0.023917044060981885,58.42826,46.554,0.19278814871682087,,0.2438477430899343,,0.17459607403910185,9.583369783920917,0.0,-0.10521254010526293,Financial Services,HDFC LIFE INS CO LTD,HDFCLIFE.NS,True,False,True,,NOT SCORED (BFSI),,NOT SCORED (BFSI),BFSI engine (v3) pending,[N100]
0.06228801510304027,0.1678079764487619,0.09130659855140055,0.18113414743381928,,,0.1493076646637024,,16.925064,,0.06762796743714974,,0.28466158348425513,-0.004500849280398813,0.571853421694851,,0.0,0.009354879808336491,Financial Services,ICICI BANK LTD.,ICICIBANK.NS,True,True,True,,NOT SCORED (BFSI),,NOT SCORED (BFSI),BFSI engine (v3) pending,[S30·N100]
-0.6546976556372643,-0.5074727610509653,-0.05165329215731529,-0.004463233137880551,,,0.013528217795988853,,52.087753,,0.004367677565104463,,0.01197789829577115,-0.0001905659900335631,0.6508887677361896,,0.0,0.059731504702664306,Financial Services,INDUSIND BANK LIMITED,INDUSINDBK.NS,True,False,True,,NOT SCORED (BFSI),,NOT SCORED (BFSI),BFSI engine (v3) pending,[N100]
-0.1282698142894313,0.08923950945073944,-0.0025785220412067877,0.13483136568379317,,,0.1064301272451493,,20.475723,,0.09792003318625328,,0.5366055263467604,-0.02236363929145636,0.5263792141059039,,0.0,0.1002785138998814,Financial Services,KOTAK MAHINDRA BANK LTD,KOTAKBANK.NS,True,True,True,,NOT SCORED (BFSI),,NOT SCORED (BFSI),BFSI engine (v3) pending,[S30·N100]
0.9858495377749441,0.4312277116510934,0.5766959127298801,0.38004701648115735,,,0.2706427740231583,,9.541347,,,,-2.346190305499175,,3.85981615532612,,0.0,-0.22211934302429615,Financial Services,MUTHOOT FINANCE LIMITED,MUTHOOTFIN.NS,True,False,True,,NOT SCORED (BFSI),,NOT SCORED (BFSI),BFSI engine (v3) pending,[N100]
0.026689364231064383,0.13454875582597126,-0.0030022831050228183,0.1435447949751043,,,0.1917380885952886,,4.6257844,,0.07798651186003958,,0.27030605585261686,0.016146951221417214,6.051716659959196,,0.0,-0.14766536355849336,Financial Services,REC LIMITED,RECLTD.NS,True,False,True,,NOT SCORED (BFSI),,NOT SCORED (BFSI),BFSI engine (v3) pending,[N100]
0.02361911076119827,0.12812939479871188,-0.04275353308936769,0.11064950991846834,,,0.12942994865346327,0.02306872236105308,65.81888,57.229,0.200357994812591,,0.3108095753948111,,,227.75603217158178,0.0,-0.1046340837389812,Financial Services,SBI LIFE INSURANCE CO LTD,SBILIFE.NS,True,False,True,,NOT SCORED (BFSI),,NOT SCORED (BFSI),BFSI engine (v3) pending,[N100]
0.07397300658448813,0.14392068913263478,0.09208470724271556,0.12186970465708868,,,0.1397323753487878,,10.16729,,0.033867244128289696,,0.07789813185445106,0.005431835596493353,1.2193500751464357,,0.0,-0.08776238848774642,Financial Services,STATE BANK OF INDIA,SBIN.NS,True,True,True,,NOT SCORED (BFSI),,NOT SCORED (BFSI),BFSI engine (v3) pending,[S30·N100]
0.04923056955228389,0.18585828104490432,0.13858070537211087,0.13924603624501697,,,0.15206878666549148,,16.583923,,,,-0.5383688040434172,0.07251847470670668,2.760883690018248,,0.0,-0.0774436955325356,Financial Services,SHRIRAM FINANCE LIMITED,SHRIRAMFIN.NS,True,False,True,,NOT SCORED (BFSI),,NOT SCORED (BFSI),BFSI engine (v3) pending,[N100]
